{"stats":{"minecraft:mined":{"minecraft:furnace":1,"minecraft:iron_ore":1,"minecraft:crafting_table":1,"minecraft:oak_log":11,"minecraft:coal_ore":6,"minecraft:copper_ore":3,"minecraft:stone":23},"minecraft:used":{"minecraft:stone_sword":26,"minecraft:stone_pickaxe":31,"minecraft:oak_planks":1,"minecraft:wooden_pickaxe":3,"minecraft:stone_axe":6,"minecraft:crafting_table":3,"minecraft:furnace":1,"minecraft:cooked_porkchop":1,"minecraft:white_bed":1},"minecraft:killed":{"minecraft:sheep":3,"minecraft:pig":6,"minecraft:cow":4},"minecraft:custom":{"minecraft:time_since_rest":4448,"minecraft:interact_with_furnace":23,"minecraft:sprint_one_cm":24092,"minecraft:walk_one_cm":17438,"minecraft:mob_kills":13,"minecraft:damage_dealt":1240,"minecraft:swim_one_cm":3492,"minecraft:interact_with_crafting_table":13,"minecraft:fly_one_cm":47244,"minecraft:crouch_one_cm":3997,"minecraft:play_time":15103,"minecraft:sneak_time":1074,"minecraft:walk_under_water_one_cm":270,"minecraft:jump":256,"minecraft:walk_on_water_one_cm":2055,"minecraft:time_since_death":15103,"minecraft:sleep_in_bed":2,"minecraft:climb_one_cm":256,"minecraft:total_world_time":15103,"minecraft:fall_one_cm":7257},"minecraft:crafted":{"minecraft:oak_planks":40,"minecraft:cooked_porkchop":12,"minecraft:shield":1,"minecraft:crafting_table":2,"minecraft:stick":16,"minecraft:wooden_pickaxe":1,"minecraft:iron_ingot":1,"minecraft:stone_pickaxe":1,"minecraft:stone_sword":1,"l2weaponry:reinforced_handle":2,"minecraft:furnace":1,"minecraft:white_bed":1,"minecraft:copper_ingot":7,"minecraft:stone_axe":1,"minecraft:air":0},"minecraft:picked_up":{"minecraft:crafting_table":1,"minecraft:raw_iron":1,"minecraft:leather":3,"minecraft:porkchop":12,"minecraft:oak_log":10,"minecraft:raw_copper":7,"minecraft:beef":7,"minecraft:mutton":3,"minecraft:coal":6,"minecraft:white_wool":3,"minecraft:cobblestone":23,"minecraft:furnace":1}},"DataVersion":3465}