{
  "minecraft:recipes/decorations/crafting_table": {
    "criteria": {
      "unlock_right_away": "2024-10-31 02:53:52 +0000"
    },
    "done": true
  },
  "mowziesmobs:root": {
    "criteria": {
      "custom_test_name": "2024-10-31 02:53:52 +0000"
    },
    "done": true
  },
  "eeeabsmobs:eeeabsmobs/root": {
    "criteria": {
      "requirement": "2024-10-31 02:53:52 +0000"
    },
    "done": true
  },
  "paranormal_pleistocene:primal_pit_advancement": {
    "criteria": {
      "primal_pit_advancement_0": "2024-10-31 02:53:52 +0000"
    },
    "done": true
  },
  "dungeons_arise:wda_root": {
    "criteria": {
      "WDA": "2024-10-31 02:53:52 +0000"
    },
    "done": true
  },
  "minecraft:adventure/adventuring_time": {
    "criteria": {
      "minecraft:sparse_jungle": "2024-10-31 02:54:10 +0000",
      "minecraft:jungle": "2024-10-31 02:53:52 +0000"
    },
    "done": false
  },
  "DataVersion": 3465
}